{"Lance": 138.4621570734372, "Nathan": 125.5164723753783, "Jonah": 120.16151695578877, "Sam": 93.05207797707268, "Noah": 86.07605603101982, "Ryley": 85.97620957205262, "Kurtis": 84.91041693906004, "David": 80.60386231198616, "Matt": 78.11608758765296, "Alex": 63.69422908078516}